csvlbls,ovvec,wdayvec,wendvec,nightov,nightwday,nightwend,morov,morwday,morwend,aftov,aftwday,aftwend,eveov,evewday,evewend
2020_February_Z,1.58230224958659,1.79412114169639,1.06501821832897,0.990168180494782,1.02943325312085,0.890752358313884,1.94245111255904,2.27108141024908,1.13456829740436,2.2267125374046,2.65123622922893,1.2273130129015,1.17708167739473,1.24905572204809,1.00250633504404
2020_March_Z,1.36568009332854,1.48055594468552,1.05480472238825,0.981869768185318,1.00875755212356,0.906927221463828,1.69606387103484,1.8863132290429,1.17684166480451,1.73109853855464,1.93515362068332,1.17419821024512,1.05841036639189,1.09494298725437,0.963855347688981
2020_April_Z,1.13961360260193,1.22093215663072,0.918105249700594,0.911036626764019,0.929067872563057,0.862202002724957,1.40428733040824,1.56692845174497,0.960412603426778,1.30319859231461,1.42171909525667,0.979736386368576,0.938654894575391,0.963785235324091,0.870070006282063
2020_February_H,5.60466678547527,6.20660315787901,4.13467480234194,3.73368721612668,3.85086768552018,3.43699624042822,6.51461030913793,7.44733275932405,4.22166761909705,7.60782088739302,8.78469206448047,4.83726999133298,4.59239456917161,4.82592229642481,4.02596561370639
2020_March_H,4.69404864921802,4.98693325461408,3.90144855729573,3.52576471016114,3.57769755367881,3.3810157207821,5.45894491592029,5.89409033703192,4.27136053746979,5.84578100230618,6.39245815170671,4.35380794873389,3.95567716402481,4.09033126602807,3.60716066472228
2020_April_H,4.14853178868994,4.44316437347943,3.34596490408107,3.21157107847961,3.29272485008315,2.99177961372001,4.88760398331471,5.45599287576637,3.33637596433203,4.95334077458077,5.3592597738493,3.84552017241042,3.53637690100922,3.6558980131243,3.21018386586183
